create table Students (
	RollNo INT,
	Name VARCHAR(50),
	EmailId VARCHAR(50),
	PrimaryPhone VARCHAR(50),
	SecondaryPhone VARCHAR(50),
	Gender VARCHAR(50),
	ResidentialAddress VARCHAR(50),
	About VARCHAR(50),
	ProfilePicture VARCHAR(50),
    PRIMARY KEY (RollNo)
);

/* Mock enteries for 30 students*/
insert into Students (RollNo, Name, EmailId, PrimaryPhone, SecondaryPhone, Gender, ResidentialAddress, About, ProfilePicture) values (1, 'Gallard Cornell', 'gcornell0@toplist.cz', '597-582-8101', '904-592-8466', 'Female', '73 Nobel Terrace', 'Sales', 'https://robohash.org/omnisquisquamvoluptas.png?size=450x450&set=set1');
insert into Students (RollNo, Name, EmailId, PrimaryPhone, SecondaryPhone, Gender, ResidentialAddress, About, ProfilePicture) values (2, 'Ania Rylance', 'arylance1@google.es', '240-579-0576', '491-993-1150', 'Male', '6659 Annamark Parkway', 'Research and Development', 'https://robohash.org/sedeosut.png?size=450x450&set=set1');
insert into Students (RollNo, Name, EmailId, PrimaryPhone, SecondaryPhone, Gender, ResidentialAddress, About, ProfilePicture) values (3, 'Frances Semonin', 'fsemonin2@cargocollective.com', '422-108-5458', '393-375-8036', 'Male', '871 Lindbergh Crossing', 'Support', 'https://robohash.org/evenietminusqui.png?size=450x450&set=set1');
insert into Students (RollNo, Name, EmailId, PrimaryPhone, SecondaryPhone, Gender, ResidentialAddress, About, ProfilePicture) values (4, 'Shanda Tuminini', 'stuminini3@stumbleupon.com', '915-984-1785', '208-855-1965', 'Male', '2491 Heffernan Pass', 'Services', 'https://robohash.org/quitemporibusearum.png?size=450x450&set=set1');
insert into Students (RollNo, Name, EmailId, PrimaryPhone, SecondaryPhone, Gender, ResidentialAddress, About, ProfilePicture) values (5, 'Carmen Schaumaker', 'cschaumaker4@friendfeed.com', '101-853-8285', '386-827-1440', 'Genderqueer', '5651 South Drive', 'Accounting', 'https://robohash.org/quamdebitisexpedita.png?size=450x450&set=set1');
insert into Students (RollNo, Name, EmailId, PrimaryPhone, SecondaryPhone, Gender, ResidentialAddress, About, ProfilePicture) values (6, 'Bear Veltmann', 'bveltmann5@myspace.com', '374-484-9779', '413-980-8560', 'Female', '63 Village Green Road', 'Accounting', 'https://robohash.org/minusquodsit.png?size=450x450&set=set1');
insert into Students (RollNo, Name, EmailId, PrimaryPhone, SecondaryPhone, Gender, ResidentialAddress, About, ProfilePicture) values (7, 'Gaven O''Keeffe', 'gokeeffe6@godaddy.com', '446-788-4545', '372-636-5117', 'Male', '384 Bunker Hill Center', 'Training', 'https://robohash.org/repellenduslaborenobis.png?size=450x450&set=set1');
insert into Students (RollNo, Name, EmailId, PrimaryPhone, SecondaryPhone, Gender, ResidentialAddress, About, ProfilePicture) values (8, 'Sabrina Denney', 'sdenney7@slate.com', '272-988-0375', '610-141-5584', 'Male', '21719 Gale Plaza', 'Training', 'https://robohash.org/evenietcupiditatetemporibus.png?size=450x450&set=set1');
insert into Students (RollNo, Name, EmailId, PrimaryPhone, SecondaryPhone, Gender, ResidentialAddress, About, ProfilePicture) values (9, 'Tod Teresse', 'tteresse8@narod.ru', '711-230-6781', '382-421-0499', 'Male', '0572 Ilene Trail', 'Marketing', 'https://robohash.org/errorenimnesciunt.png?size=450x450&set=set1');
insert into Students (RollNo, Name, EmailId, PrimaryPhone, SecondaryPhone, Gender, ResidentialAddress, About, ProfilePicture) values (10, 'Rosana Sellwood', 'rsellwood9@opera.com', '975-637-3266', '391-135-4328', 'Male', '0 Thompson Pass', 'Product Management', 'https://robohash.org/iustoquiaa.png?size=450x450&set=set1');
insert into Students (RollNo, Name, EmailId, PrimaryPhone, SecondaryPhone, Gender, ResidentialAddress, About, ProfilePicture) values (11, 'Theodora Birkmyre', 'tbirkmyrea@army.mil', '626-649-5845', '383-962-1834', 'Female', '9801 Northport Terrace', 'Accounting', 'https://robohash.org/quostemporibusnemo.png?size=450x450&set=set1');
insert into Students (RollNo, Name, EmailId, PrimaryPhone, SecondaryPhone, Gender, ResidentialAddress, About, ProfilePicture) values (12, 'Ilario Speek', 'ispeekb@wufoo.com', '587-682-1217', '994-526-5827', 'Male', '3911 Victoria Parkway', 'Support', 'https://robohash.org/quiaautemmollitia.png?size=450x450&set=set1');
insert into Students (RollNo, Name, EmailId, PrimaryPhone, SecondaryPhone, Gender, ResidentialAddress, About, ProfilePicture) values (13, 'Dominik Pirri', 'dpirric@usatoday.com', '446-158-9085', '398-943-0548', 'Male', '17709 Rusk Lane', 'Business Development', 'https://robohash.org/fugaharumveritatis.png?size=450x450&set=set1');
insert into Students (RollNo, Name, EmailId, PrimaryPhone, SecondaryPhone, Gender, ResidentialAddress, About, ProfilePicture) values (14, 'Pamelina Sedcole', 'psedcoled@dyndns.org', '748-382-6391', '263-908-0375', 'Female', '4 Mayfield Alley', 'Services', 'https://robohash.org/sapienteearumducimus.png?size=450x450&set=set1');
insert into Students (RollNo, Name, EmailId, PrimaryPhone, SecondaryPhone, Gender, ResidentialAddress, About, ProfilePicture) values (15, 'Patricia Makepeace', 'pmakepeacee@free.fr', '336-635-5628', '891-324-1487', 'Female', '8 Eastwood Lane', 'Engineering', 'https://robohash.org/evenietrepellendusnatus.png?size=450x450&set=set1');
insert into Students (RollNo, Name, EmailId, PrimaryPhone, SecondaryPhone, Gender, ResidentialAddress, About, ProfilePicture) values (16, 'Guthrie Lembrick', 'glembrickf@lulu.com', '943-764-5716', '669-260-1445', 'Female', '6 Steensland Junction', 'Research and Development', 'https://robohash.org/itaquedelectusqui.png?size=450x450&set=set1');
insert into Students (RollNo, Name, EmailId, PrimaryPhone, SecondaryPhone, Gender, ResidentialAddress, About, ProfilePicture) values (17, 'Antone Nix', 'anixg@dagondesign.com', '205-544-7672', '358-381-5925', 'Male', '04 Northview Lane', 'Product Management', 'https://robohash.org/nesciuntsimiliquerepellat.png?size=450x450&set=set1');
insert into Students (RollNo, Name, EmailId, PrimaryPhone, SecondaryPhone, Gender, ResidentialAddress, About, ProfilePicture) values (18, 'Harrietta Channer', 'hchannerh@fc2.com', '206-946-1387', '921-145-1575', 'Genderqueer', '538 Erie Center', 'Product Management', 'https://robohash.org/etidea.png?size=450x450&set=set1');
insert into Students (RollNo, Name, EmailId, PrimaryPhone, SecondaryPhone, Gender, ResidentialAddress, About, ProfilePicture) values (19, 'Arabele Barlace', 'abarlacei@delicious.com', '515-750-9499', '316-340-8619', 'Male', '55 Chinook Avenue', 'Human Resources', 'https://robohash.org/aliasdoloresnecessitatibus.png?size=450x450&set=set1');
insert into Students (RollNo, Name, EmailId, PrimaryPhone, SecondaryPhone, Gender, ResidentialAddress, About, ProfilePicture) values (20, 'Heriberto Farriar', 'hfarriarj@tmall.com', '880-807-5021', '366-476-6507', 'Female', '0 Becker Center', 'Sales', 'https://robohash.org/repudiandaeenimut.png?size=450x450&set=set1');
insert into Students (RollNo, Name, EmailId, PrimaryPhone, SecondaryPhone, Gender, ResidentialAddress, About, ProfilePicture) values (21, 'Giralda Inkles', 'ginklesk@t.co', '958-250-3509', '983-575-2851', 'Female', '173 Canary Street', 'Human Resources', 'https://robohash.org/perferendistemporeporro.png?size=450x450&set=set1');
insert into Students (RollNo, Name, EmailId, PrimaryPhone, SecondaryPhone, Gender, ResidentialAddress, About, ProfilePicture) values (22, 'Agneta Bly', 'ablyl@feedburner.com', '691-185-8222', '821-276-2914', 'Male', '1 New Castle Road', 'Legal', 'https://robohash.org/quasducimusharum.png?size=450x450&set=set1');
insert into Students (RollNo, Name, EmailId, PrimaryPhone, SecondaryPhone, Gender, ResidentialAddress, About, ProfilePicture) values (23, 'Kelcey Whates', 'kwhatesm@themeforest.net', '968-160-3761', '348-449-4684', 'Male', '71 Gerald Alley', 'Business Development', 'https://robohash.org/nampariaturrem.png?size=450x450&set=set1');
insert into Students (RollNo, Name, EmailId, PrimaryPhone, SecondaryPhone, Gender, ResidentialAddress, About, ProfilePicture) values (24, 'Jason Thurby', 'jthurbyn@ifeng.com', '293-252-0869', '318-351-0169', 'Male', '642 Ridgeway Drive', 'Marketing', 'https://robohash.org/illumtotamassumenda.png?size=450x450&set=set1');
insert into Students (RollNo, Name, EmailId, PrimaryPhone, SecondaryPhone, Gender, ResidentialAddress, About, ProfilePicture) values (25, 'Austen Jacquemet', 'ajacquemeto@japanpost.jp', '691-996-2338', '740-430-5194', 'Male', '55 Forest Dale Avenue', 'Marketing', 'https://robohash.org/quiautemofficiis.png?size=450x450&set=set1');
insert into Students (RollNo, Name, EmailId, PrimaryPhone, SecondaryPhone, Gender, ResidentialAddress, About, ProfilePicture) values (26, 'Chester Backwell', 'cbackwellp@google.es', '580-498-2358', '469-387-9325', 'Male', '0 Kennedy Terrace', 'Accounting', 'https://robohash.org/possimusdoloremdeleniti.png?size=450x450&set=set1');
insert into Students (RollNo, Name, EmailId, PrimaryPhone, SecondaryPhone, Gender, ResidentialAddress, About, ProfilePicture) values (27, 'Otto Moses', 'omosesq@oracle.com', '980-112-1658', '446-885-5159', 'Female', '2280 Spenser Street', 'Training', 'https://robohash.org/utrepellatpossimus.png?size=450x450&set=set1');
insert into Students (RollNo, Name, EmailId, PrimaryPhone, SecondaryPhone, Gender, ResidentialAddress, About, ProfilePicture) values (28, 'Brewster Langshaw', 'blangshawr@globo.com', '276-430-3455', '914-434-3922', 'Male', '158 Dottie Center', 'Accounting', 'https://robohash.org/voluptatemrepellendusnemo.png?size=450x450&set=set1');
insert into Students (RollNo, Name, EmailId, PrimaryPhone, SecondaryPhone, Gender, ResidentialAddress, About, ProfilePicture) values (29, 'Karol Fegan', 'kfegans@mozilla.com', '578-349-5113', '716-866-3211', 'Female', '5588 Declaration Park', 'Sales', 'https://robohash.org/necessitatibusnobisdignissimos.png?size=450x450&set=set1');
insert into Students (RollNo, Name, EmailId, PrimaryPhone, SecondaryPhone, Gender, ResidentialAddress, About, ProfilePicture) values (30, 'Rosemarie Fevers', 'rfeverst@zdnet.com', '797-178-8391', '845-107-6556', 'Female', '500 Sunbrook Circle', 'Services', 'https://robohash.org/consequaturnatusvoluptatem.png?size=450x450&set=set1');
insert into Students (RollNo, Name, EmailId, PrimaryPhone, SecondaryPhone, Gender, ResidentialAddress, About, ProfilePicture) values (31, 'Dido Tinmouth', 'dtinmouthu@blog.com', '176-162-6045', '719-881-4972', 'Non-binary', '00987 Nova Place', 'Human Resources', 'https://robohash.org/officiisquialabore.png?size=450x450&set=set1');
insert into Students (RollNo, Name, EmailId, PrimaryPhone, SecondaryPhone, Gender, ResidentialAddress, About, ProfilePicture) values (32, 'Dody Ulyat', 'dulyatv@kickstarter.com', '746-612-3397', '848-222-2093', 'Male', '938 Old Gate Park', 'Product Management', 'https://robohash.org/nemoeiusa.png?size=450x450&set=set1');
insert into Students (RollNo, Name, EmailId, PrimaryPhone, SecondaryPhone, Gender, ResidentialAddress, About, ProfilePicture) values (33, 'Abramo Goulborn', 'agoulbornw@microsoft.com', '328-659-9477', '307-767-1487', 'Female', '65028 Sauthoff Way', 'Business Development', 'https://robohash.org/fugiatutvoluptate.png?size=450x450&set=set1');
insert into Students (RollNo, Name, EmailId, PrimaryPhone, SecondaryPhone, Gender, ResidentialAddress, About, ProfilePicture) values (34, 'Allene Le Hucquet', 'alex@twitter.com', '997-521-8276', '309-231-7494', 'Female', '7500 Forster Place', 'Support', 'https://robohash.org/doloremetaperiam.png?size=450x450&set=set1');
insert into Students (RollNo, Name, EmailId, PrimaryPhone, SecondaryPhone, Gender, ResidentialAddress, About, ProfilePicture) values (35, 'Augustine Oldall', 'aoldally@bizjournals.com', '996-601-8833', '925-280-0754', 'Female', '43895 Spaight Place', 'Training', 'https://robohash.org/possimusaperiamcorrupti.png?size=450x450&set=set1');
insert into Students (RollNo, Name, EmailId, PrimaryPhone, SecondaryPhone, Gender, ResidentialAddress, About, ProfilePicture) values (36, 'Gwenny Jesty', 'gjestyz@virginia.edu', '788-256-6695', '588-571-9819', 'Female', '7 Judy Avenue', 'Business Development', 'https://robohash.org/eumdoloreesse.png?size=450x450&set=set1');
insert into Students (RollNo, Name, EmailId, PrimaryPhone, SecondaryPhone, Gender, ResidentialAddress, About, ProfilePicture) values (37, 'Abramo Tours', 'atours10@ebay.co.uk', '396-215-0907', '479-674-7729', 'Female', '2812 Commercial Pass', 'Sales', 'https://robohash.org/minimaidsunt.png?size=450x450&set=set1');
insert into Students (RollNo, Name, EmailId, PrimaryPhone, SecondaryPhone, Gender, ResidentialAddress, About, ProfilePicture) values (38, 'Aurelia Riglesford', 'ariglesford11@chron.com', '322-110-2009', '987-555-9865', 'Polygender', '993 Forest Dale Way', 'Marketing', 'https://robohash.org/autnostrumodit.png?size=450x450&set=set1');
insert into Students (RollNo, Name, EmailId, PrimaryPhone, SecondaryPhone, Gender, ResidentialAddress, About, ProfilePicture) values (39, 'Lark Midden', 'lmidden12@ameblo.jp', '227-603-4017', '890-555-8722', 'Male', '53909 Haas Place', 'Research and Development', 'https://robohash.org/quinequemolestiae.png?size=450x450&set=set1');
insert into Students (RollNo, Name, EmailId, PrimaryPhone, SecondaryPhone, Gender, ResidentialAddress, About, ProfilePicture) values (40, 'Rod Cowthart', 'rcowthart13@dailymotion.com', '980-229-8034', '644-174-4079', 'Agender', '6915 Brickson Park Terrace', 'Marketing', 'https://robohash.org/placeatdolorumnesciunt.png?size=450x450&set=set1');



CREATE TABLE Courses (
    Id int NOT NULL AUTO_INCREMENT,
    Name VARCHAR(120),
    PRIMARY KEY (Id),
    TotalHours int,
    Thumbnail VARCHAR(300)
);


/* Mock enteries for 10 courses*/
INSERT INTO Courses (Name,TotalHours,Thumbnail) VALUES("Modern JavaScript From The Beginning",42,"https://github.com/coherencez/tech-logos/blob/master/jslogo.png");
INSERT INTO Courses (Name,TotalHours,Thumbnail) VALUES("An Introduction to Programming the Internet of Things (IoT) Specialization",35,"https://github.com/coherencez/tech-logos/blob/master/arduino.png");
INSERT INTO Courses (Name,TotalHours,Thumbnail) VALUES("HTML5 Coding Essentials and Best Practices",48,"https://github.com/coherencez/tech-logos/blob/master/html5.png");
INSERT INTO Courses (Name,TotalHours,Thumbnail) VALUES("MicroMasters® Program in Statistics and Data Science",42,"https://www.seekpng.com/png/detail/134-1349366_data-science-data-science-icon.png");
INSERT INTO Courses (Name,TotalHours,Thumbnail) VALUES("Introduction to Project Management",18,"https://www.kindpng.com/picc/m/302-3024462_project-management-png-transparent-background-project-management-png.png");
INSERT INTO Courses (Name,TotalHours,Thumbnail) VALUES("Professional Certificate in Agile Project Management",32,"https://static.thenounproject.com/png/3631593-200.png");
INSERT INTO Courses (Name,TotalHours,Thumbnail) VALUES("MicroBachelors® Program in Computer Science Fundamentals",22,"https://static.thenounproject.com/png/339837-200.png");
INSERT INTO Courses (Name,TotalHours,Thumbnail) VALUES("FinTech Ethics and Risks",30,"https://static.thenounproject.com/png/1746177-200.png");
INSERT INTO Courses (Name,TotalHours,Thumbnail) VALUES("Sustainability in Architecture: An Interdisciplinary Introduction",222,"https://www.pngitem.com/pimgs/m/11-116677_architecture-svg-png-icon-free-download-comments-drawing.png");
INSERT INTO Courses (Name,TotalHours,Thumbnail) VALUES("Marketing Essentials",56,"https://www.pngitem.com/pimgs/m/75-757749_marketing-icon-png-flat-marketing-icon-png-transparent.png");


CREATE TABLE StudentCourseMapping (
    Id int NOT NULL AUTO_INCREMENT,
    CourseId int,
    RollNo int,
    PRIMARY KEY (Id),
    FOREIGN KEY (CourseId) REFERENCES Courses(Id),
    FOREIGN KEY (RollNo) REFERENCES Students(RollNo)
);


insert into StudentCourseMapping (CourseId, RollNo) values (1, 1);
insert into StudentCourseMapping (CourseId, RollNo) values (2, 2);
insert into StudentCourseMapping (CourseId, RollNo) values (3, 3);
insert into StudentCourseMapping (CourseId, RollNo) values (4, 4);
insert into StudentCourseMapping (CourseId, RollNo) values (5, 5);
insert into StudentCourseMapping (CourseId, RollNo) values (6, 6);
insert into StudentCourseMapping (CourseId, RollNo) values (7, 7);
insert into StudentCourseMapping (CourseId, RollNo) values (8, 8);
insert into StudentCourseMapping (CourseId, RollNo) values (9, 9);
insert into StudentCourseMapping (CourseId, RollNo) values (10, 10);



-- TODO - Check how to handle autentication API
CREATE TABLE Users (
    Id int NOT NULL AUTO_INCREMENT,
    Name VARCHAR(120),
    EmailId VARCHAR(120),
    AccessToken VARCHAR(320),
    PRIMARY KEY (Id),
    Password VARCHAR(300)
);




